feature,coefficient
mechanism,-13574.930804268659
case_material,1148.9767686804612
year_produced,12425.954035588256
condition,-31704.335048293644
packaging,61313.18061782136
water_resistance,-18175.40020518937
crystal,-38667.40612614816
sold,-20383.624774414136
fast_shipping,-24910.82873527475
trusted_seller,72528.41427149862
punctual,-7291.111279927379
review,7319.976002339044
intercept(α),108352.79234790606
